id,name,lat,lng,address,run,prep_min,assist_min,wheelchair,care_level
1,利用者01,34.809019,135.6323,(架空の住所・デモ用),3,5,0,0,要支援
2,利用者02,34.812513,135.660975,(架空の住所・デモ用),1,10,5,0,要支援
3,利用者03,34.787073,135.64082,(架空の住所・デモ用),1,10,0,0,未定
4,利用者04,34.793936,135.657128,(架空の住所・デモ用),1,5,5,1,要介護
5,利用者05,34.796003,135.640674,(架空の住所・デモ用),3,3,0,0,未定
6,利用者06,34.789482,135.66849,(架空の住所・デモ用),3,3,5,0,要支援
7,利用者07,34.821032,135.647856,(架空の住所・デモ用),3,10,3,0,要支援
8,利用者08,34.811365,135.633216,(架空の住所・デモ用),2,5,0,0,要支援
9,利用者09,34.817193,135.647926,(架空の住所・デモ用),4,5,0,0,要介護
10,利用者10,34.79879,135.660688,(架空の住所・デモ用),1,10,0,0,要支援
11,利用者11,34.791882,135.647896,(架空の住所・デモ用),2,5,0,1,要支援
12,利用者12,34.815585,135.666622,(架空の住所・デモ用),4,5,0,0,要支援
13,利用者13,34.818873,135.656156,(架空の住所・デモ用),3,5,5,0,未定
14,利用者14,34.817849,135.659485,(架空の住所・デモ用),2,5,0,0,要支援
15,利用者15,34.81282,135.654915,(架空の住所・デモ用),4,10,5,0,要介護
16,利用者16,34.793896,135.675092,(架空の住所・デモ用),4,3,0,0,要支援
17,利用者17,34.791502,135.638239,(架空の住所・デモ用),4,10,0,0,未定
18,利用者18,34.799738,135.675029,(架空の住所・デモ用),3,10,0,0,要支援
