record_id,date,weekday,run,vehicle_id,visit_order,user_id,note
R0001,2026-09-14,月,1,car1,1,3,合成データ(コードのテスト専用。実データではない)
R0002,2026-09-14,月,1,car1,2,2,合成データ(コードのテスト専用。実データではない)
R0003,2026-09-14,月,1,car4,1,4,合成データ(コードのテスト専用。実データではない)
R0004,2026-09-14,月,1,car1,3,10,合成データ(コードのテスト専用。実データではない)
R0005,2026-09-14,月,2,car1,1,8,合成データ(コードのテスト専用。実データではない)
R0006,2026-09-14,月,2,car1,2,14,合成データ(コードのテスト専用。実データではない)
R0007,2026-09-14,月,2,car4,1,11,合成データ(コードのテスト専用。実データではない)
R0008,2026-09-14,月,3,car1,1,6,合成データ(コードのテスト専用。実データではない)
R0009,2026-09-14,月,3,car1,2,18,合成データ(コードのテスト専用。実データではない)
R0010,2026-09-14,月,3,car1,3,1,合成データ(コードのテスト専用。実データではない)
R0011,2026-09-14,月,3,car1,4,7,合成データ(コードのテスト専用。実データではない)
R0012,2026-09-14,月,3,car2,1,13,合成データ(コードのテスト専用。実データではない)
R0013,2026-09-14,月,3,car2,2,5,合成データ(コードのテスト専用。実データではない)
R0014,2026-09-14,月,4,car1,1,16,合成データ(コードのテスト専用。実データではない)
R0015,2026-09-14,月,4,car1,2,17,合成データ(コードのテスト専用。実データではない)
R0016,2026-09-14,月,4,car1,3,12,合成データ(コードのテスト専用。実データではない)
R0017,2026-09-14,月,4,car1,4,9,合成データ(コードのテスト専用。実データではない)
R0018,2026-09-14,月,4,car2,1,15,合成データ(コードのテスト専用。実データではない)
