id,name,lat,lng,address,care_level,wheelchair,days
0,施設（デポ）,34.804,135.6532,大阪府枚方市山之上北町5番1号,-,なし,"月,火,水,木,金,土,日"
1,利用者A,34.786823,135.668457,大阪府枚方市大垣内町2丁目,要介護2,なし,"月,水,金"
2,利用者B,34.819734,135.632789,大阪府枚方市岡東町12,要介護3,あり,"火,木,土"
3,利用者C,34.791792,135.623798,大阪府枚方市星丘2丁目,要介護3,なし,"月,水,金"
4,利用者D,34.830986,135.649571,大阪府枚方市村野本町,要支援2,あり,"火,木,土"
5,利用者E,34.803295,135.624432,大阪府枚方市香里ケ丘3丁目,要支援1,なし,"月,水,金"
6,利用者F,34.826894,135.647721,大阪府枚方市茄子作1丁目,要支援1,あり,"火,木,土"
7,利用者G,34.816634,135.660925,大阪府枚方市交北1丁目,要支援2,あり,"月,水,金"
8,利用者H,34.775019,135.623877,大阪府枚方市田口3丁目,要介護1,なし,"火,木,土"
9,利用者I,34.823184,135.630741,大阪府枚方市中宮東之町,要介護3,なし,"月,水,金"
10,利用者J,34.805181,135.670047,大阪府枚方市津田元町1丁目,要支援1,なし,"火,木,土"
